name,year,rating,quality
Indiana Jones and the Dial of Destiny,2023,N/A,HD
Meg 2: The Trench,2023,5.3,HD
The Boogeyman,2023,6.1,HD
The Last Voyage of the Demeter,2023,6.4,HD
Vacation Friends 2,2023,5.3,HD
Oppenheimer,2023,8.8,CAM
You Are So Not Invited to My Bat Mitzvah,2023,6,HD
Spider-Man: Across the Spider-Verse,2023,N/A,HD
Elemental,2023,N/A,HD
The Flash,2023,N/A,HD
Barbie,2023,N/A,CAM
No Hard Feelings,2023,6.8,HD
Gran Turismo,2023,7.4,CAM
The Dive,2023,5.6,HD
Cobweb,2023,6.2,HD
Guardians of the Galaxy Volume 3,2023,N/A,HD
Blue Beetle,2023,6.7,CAM
Past Lives,2023,8.4,HD
Heart of Stone,2023,5.7,HD
"Ruby Gillman, Teenage Kraken",2023,5.7,HD
Fast X,2023,N/A,HD
John Wick: Chapter 4,2023,N/A,HD
The Super Mario Bros. Movie,2023,7.4,HD
Teenage Mutant Ninja Turtles: Mutant Mayhem,2023,7.7,CAM
The Last Voyage of the Demeter,2023,6.4,HD
Indiana Jones and the Dial of Destiny,2023,N/A,HD
The Boogeyman,2023,6.1,HD
Mob Land,2023,5.5,HD
Meg 2: The Trench,2023,5.3,HD
Trap Jazz,2023,7.1,HD
Squared Love Everlasting,2023,4.1,HD
Ruined,2023,4.7,HD
Every Body,2023,6,HD
Chris Fleming: Hell,2023,7.1,HD
The More Love Grows,2023,6.3,HD
The List,2023,5.2,HD
Tell Me a Creepy Story,2023,4.5,HD
Sisters,2023,5.2,HD
Never Too Late to Celebrate,2023,6.7,HD
Catfish Murder,2023,5.1,HD
Her Deadly Night in Paris,2023,5.3,HD
Past Lives,2023,8.4,HD
The Monkey King,2023,5.8,HD
LEGO Disney Princess: The Castle Quest,2023,6.1,HD
The Engineer,2023,3.6,HD
Puppy Love,2023,6.3,HD
Snoopy Presents: One-of-a-Kind Marcie,2023,6.9,HD
Bad Things,2023,3.6,HD
